Company Name,Max Glassdoor Rating,Max Employee Count,Careers Site URL
Zenas BioPharma,5,150,https://zenasbio.com/zenas-experience/job-openings/
Trinity Health (HQ Michigan),5,10000,https://jobs.trinity-health.org/trinityhealthmichigan
Spark Advisors,5,N/A,https://www.sparkadvisors.com/careers
"Receivable Solutions, LLC",5,51200,https://www.indeed.com/cmp/Receivable-Solutions
PSA Healthcare,5,51200,https://www.indeed.com/q-psa-healthcare-l-pennsylvania-jobs.html
Pager,5,150,https://www.pager.com/careers
Neogene Therapeutics,5,N/A,https://www.neogene.com/careers/
HistoSonics,5,150,https://www.linkedin.com/company/histosonics-inc-
Erasca,5,N/A,https://www.erasca.com/careers/
Elevate Dynamics,5,150,https://www.elevatemovement.com/careers
DoctorSolutions,5,150,https://www.indeed.com/q-doctors-office-l-pennsylvania-jobs.html
Curai Health,5,150,https://www.curaihealth.com/careers
Casana,5,51200,https://casanacare.com/careers/
Carewell,5,150,https://www.carewell.com/careers/?srsltid=AfmBOoo79NiyCwOH9l5wvGu4-A0Wso3Q7N2-OKOuPBOyATVRe_TD7qK_
BAMF Health,5,51200,https://www.bamfhealth.com/careers/
Avive Solutions,5,51200,https://avive.life/careers/
Apogee Therapeutics,5,150,https://apogeetherapeutics.com/careers/
Zebra Medical Vision Ltd,4.9,N/A,http://careers.zebra.com/careers
Simulations Plus,4.9,150,https://www.simulations-plus.com/career-center/
pMD,4.9,51200,https://www.indeed.com/cmp/Pmd-ea5d3828
Cricket Health,4.9,10015000,https://www.linkedin.com/jobs/cricket-health-jobs-worldwide
Clinical Research IO (CRIO),4.9,51200,https://apply.workable.com/crio/
Claritas Rx,4.9,51200,https://www.claritasrx.com/careers/
BiOptimizers,4.9,N/A,https://www.indeed.com/cmp/Bioptimizers
Vim,4.8,51200,https://getvim.com/careers/
Rupa Health,4.8,5011000,https://www.rupahealth.com/careers
Providence Digital Innovation Group,4.8,150,https://providence-digitalinnovation.jobs/
MedKoder,4.8,51200,https://medkoder.com/careers/
Grow Therapy,4.8,N/A,https://growtherapy.com/careers/
FORM (formhealth.co),4.8,N/A,https://www.formhealth.co/careers
Caption Health,4.8,51200,https://wellfound.com/company/captionhealth
Braeburn,4.8,5011000,https://braeburnrx.com/careers/job-openings
Banyan,4.8,150,https://www.indeed.com/q-Banyan-Treatment-Centers-jobs.html
ArsenalBio,4.8,201500,https://jobs.arsenalbio.com/all-openings
Wayspring,4.7,51200,https://www.wayspring.com/careers/
,,,
Zenas BioPharma,5,150,https://zenasbio.com/zenas-experience/job-openings/
Trinity Health (HQ Michigan),5,10000,https://jobs.trinity-health.org/trinityhealthmichigan

"TrestleTree","4.7","201500","https://www.indeed.com/cmp/Trestletree"
"TailorMed","4.7","51200","https://tailormed.co/careers/"
"Podimetrics","4.7","51200","https://podimetrics.com/we-choose-hope/careers/"
"PatientIQ","4.7","51200","https://www.patientiq.io/careers"
"OUAI","4.7","150","https://apply.workable.com/theouai/?lng=en"
"MRO","4.7","150","https://mrocorp.com/careers/"
"Embodied, Inc.","4.7","10000","https://moxierobot.com/pages/careers-at-embodied"
"Cynerio","4.7","51200","https://www.cynerio.com/careers"
"Cylinder","4.7","51200","https://www.indeed.com/q-cylinder-l-dallas,-tx-jobs.html"
"Currance","4.7","201500","https://www.currance.com/our-story/careers/"
"Better Health","4.7","150","https://www.betterhealthgroup.com/careers"
"Abridge","4.7","51200","https://jobs.ashbyhq.com/abridge"
"Veran Medical Technologies","4.6","N/A","https://www.indeed.com/cmp/Veran-Medical-Technologies"
"Trellis Rx","4.6","N/A","https://www.indeed.com/cmp/Trellis-Rx"
"Sholom","4.6","150","https://www.sholom.com/careers/"
"Peachtree Orthopedics","4.6","5011000","https://peachtreeorthopedics.com/about-us/careers/"
"NeuroFlow","4.6","51200","https://www.neuroflow.com/careers/"
"Kreative Technologies","4.6","150","https://kreativetech.com/careers.html"
"Inato","4.6","51200","https://inato.com/careers"
"HatchWorks","4.6","51200","https://hatchworks.com/careers/"
"Eleos Health","4.6","51200","https://eleos.health/career/"
"Donor Network West","4.6","201500","https://www.donornetworkwest.org/about-us/careers/"
"Crossroads","4.6","10015000","https://ccsdallas.org/careers"
"Convergent Dental","4.6","N/A","https://www.convergentdental.com/careers"
"Chorus Innovations","4.6","51200","https://www.joinchorus.com/careers"
"CeloNova","4.6","N/A","https://www.indeed.com/cmp/Celonova-Biosciences-Inc"
"Babyscripts","4.6","150","https://babyscripts.com/careers"
"AtriCure, Inc.","4.6","5011000","https://www.atricure.com/careers-atricure"
"ARS Pharmaceuticals","4.6","150","https://ars-pharma.com/careers/"
"Achieve Test Prep","4.6","150","https://www.achievetestprep.com/careers"
"Visage Imaging","4.5","150","https://visageimaging.com/about/careers/"
"TI Health","4.5","150","https://tihealthcare.com/careers/"
"Theoria Medical","4.5","N/A","https://theoriamedical.com/careers"
"Take Command","4.5","51200","https://www.takecommandhealth.com/careers"
"SemanticBits","4.5","201500","https://apply.workable.com/semanticbits/?lng=en"
"Rula","4.5","10015000","https://www.rula.com/careers/"
"Remodel Health","4.5","150","https://remodelhealth.com/resources/careers/"
"Protenus","4.5","51200","https://www.protenus.com/careers"
"Potrero Medical","4.5","201500","https://www.ziprecruiter.com/Jobs/Potrero-Medical"
"Paytient","4.5","51200","https://job-boards.greenhouse.io/paytient"
"Paradigm.Inc","4.5","5011000","https://www.paradigm.inc/careers"
"Next Phase Solutions and Services, Inc.","4.5","51200","https://npss-inc.com/careers/"
"Membersy","4.5","51200","https://www.indeed.com/cmp/Membersy"
"Loka","4.5","51200","https://www.loka.com/careers"
"Livongo","4.5","150","https://www.linkedin.com/jobs/livongo-jobs"
"Linguamatics","4.5","N/A","https://jobs.iqvia.com/en/category/linguamatics-iqvia-nlp-jobs/24443/8259504/1"
"Lightship","4.5","51200","https://www.lightship.com/careers"
"KeyBridge Medical Revenue Care","4.5","51200","https://www.keybridgemed.com/current-job-openings/"
"InnerSpace","4.5","201500","https://innerspacehealthcare.com/careers/"
"Hallow","4.5","500110000","https://www.remoterocketship.com/company/hallow"
"DeepIntent","4.5","N/A","https://www.deepintent.com/about/open-positions/"
"Centers Health Care","4.5","500110000","https://jobs.centershealthcare.com/"
"Cedar","4.5","201500","https://cedarviewrehab.com/careers/"
"Cabaletta Bio","4.5","150","https://www.cabalettabio.com/join-our-crew"
"Buoy Health","4.5","201500","https://www.buoyhealth.com/careers"
"Antidote Health","4.5","150","https://www.antidotehealth.com/careers"
"Sidecar Health","4.4","201500","https://sidecarhealth.com/careers/"
"Phillips Precision Medicraft","4.4","201500","https://www.indeed.com/cmp/Phillips-Precision-Medicraft"
"PerfectServe","4.4","201500","https://www.perfectserve.com/careers/"
"Pillar4 Media","4.4","150","https://pillarfour.com/careers/"
"PaceMate","4.4","51200","https://pacemate.applytojob.com/apply"
"Medallion","4.4","201500","https://medallion.co/about-medallion/careers"
"RxAnte","4.4","150","https://www.rxante.com/careers/"
"NewPage Solutions Inc","4.4","51200","https://newpage.io/careers/"
"MicroHealth","4.4","201500","https://www.microhealthllc.com/careers/"
"Promaxo","4.4","150","https://promaxo.com/careers/"
"Osmind","4.4","51200","https://www.osmind.org/careers"
"Envista Holdings","4.4","N/A","https://careers.envistaco.com/"
"Life Link III","4.4","N/A","https://www.lifelinkiii.com/careers/job-openings/"
"LifeOmic","4.4","51200","https://www.flexjobs.com/remote-jobs/company/lifeomic"
"Lexington Medical","4.4","51200","https://www.lexmed.com/careers/"
"Glorium Technologies","4.4","51200","https://gloriumtech.com/career/join-our-team/"
"Loopback","4.4","10015000","https://www.loopbackanalytics.com/careers/"
"Marker Therapeutics","4.4","N/A","https://markertherapeutics.com/our-company/careers/"
"HealthPoint","4.4","150","https://www.healthpointchc.org/join-our-team/jobs"
"Inbox Health","4.4","51200","https://www.inboxhealth.com/careers/"
"Health Data Analytics Institute","4.4","150","https://www.hda-institute.com/careers/"
"CopilotIQ","4.4","150","https://copilotiq.com/careers/"
"Virtual Radiologic","4.3","N/A","https://www.vrad.com/careers/team-member-careers/"
"Cassia","4.4","150","https://www.cassialife.org/jobs/"
"Delfi Diagnostics","4.4","51200","https://delfidiagnostics.com/join-us/"
"Twenty Twenty Therapeutics","4.3","150","https://twentytwenty.com/careers/"
"Boomer Benefits","4.4","N/A","https://boomerbenefits.com/careers/"
"Carterra","4.4","10015000","https://carterra-bio.com/about/careers/"
"Trilogy Health Services","4.3","10000","https://jobs.trilogyhs.com/opportunities"
"VerifiedFirst","4.3","51200","https://verifiedfirst.com/careers/"
"Zipnosis","4.3","150","https://apply.workable.com/zipnosis/?lng=en"
"Surgical Notes","4.3","201500","https://www.surgicalnotes.com/careers/"
"Prolucent Health","4.3","51200","https://www.prolucent.com/careers/"
"O Positiv","4.3","51200","https://opositiv.com/pages/careers?srsltid=AfmBOopr5bB4HT0wHIK8kWIqHAGL-eFdBly3xoaUsgwkJt5tnMMslXyf"
"ROI Healthcare Solutions, LLC","4.3","51200","https://roihs.com/careers/"
"Nice Healthcare","4.3","51200","https://www.nice.healthcare/careers"
"Novo Nordisk","4.3","500110000","https://www.novonordisk.com/careers/find-a-job.html"
"Patientco","4.3","51200","https://careers.patientpoint.com/"
"Sail Biomedicines","4.3","N/A","https://boards.greenhouse.io/sendabiosciences"
"restor3d","4.3","150","https://www.restor3d.com/our-company/careers"
"Skilled Wound Care","4.3","51200","https://www.skilledwoundcare.com/career"
"ImagineSoftware","4.3","N/A","https://www.imagineteam.com/about-us/careers"
"Interlace Health","4.3","10000","https://interlacehealth.applytojob.com/apply"
"Meru Health","4.3","150","https://get.meruhealth.com/careers/"
"InterSystems","4.3","10015000","https://www.intersystems.com/careers/careers-search/"
"I-Mab Biopharma","4.3","201500","https://www.i-mabbiopharma.com/careers/"
"Houston Methodist","4.3","N/A","https://www.houstonmethodistcareers.org/jobs/"
"Equip","4.3","N/A","https://equip.health/join-us"
"ERT","4.3","5011000","https://www.ertcorp.com/careers/"
"Force Therapeutics","4.3","51200","https://www.forcetherapeutics.com/careers"
"HealthEdge","4.3","N/A","https://healthedge.com/about-us/careers/"
"Ease","4.3","51200","http://www.eastview.com/careers/"
"Edifecs","4.3","10015000","https://www.edifecs.com/careers"
"DocGo","4.3","10015000","https://docgo.com/career/"
"Doximity","4.3","5011000","https://workat.doximity.com/positions/"
"DSS, Inc.","4.3","5011000","https://www.dssinc.com/opportunities"
"CareATC","4.3","N/A","https://www.careatc.com/careers"
"Calico Life Sciences","4.3","201500","https://www.calicolabs.com/careers/"
"Diagnostic Robotics","4.3","N/A","https://www.diagnosticrobotics.com/careers"
"Blueprint Medicines","4.3","N/A","https://www.blueprintmedicines.com/careers/"
"Bigfoot Biomedical","4.3","N/A","https://www.bigfootbiomedical.com/careers"
"Akido Labs","4.3","201500","https://www.akidolabs.com/careers"
"Ageless Mens Health","4.3","N/A","https://www.agelessmenshealth.com/careers/"
"Apploi","4.3","N/A","https://apploi.com/careers/"
"Aceable","4.3","51200","https://www.aceable.com/company/careers/"
"AirMed International","4.3","51200","https://careers.gmr.net/airmed"
"Abroad","4.3","51200","https://www.indeed.com/q-overseas-jobs.html"
"Waystar","4.2","10015000","https://careers.waystar.com/"
"Verve Therapeutics","4.2","201500","https://www.vervetx.com/open-positions"
"Verse Medical","4.2","51200","https://jobs.lever.co/verse-medical"
"Wellhub","4.2","N/A","https://wellhub.com/careers/"
"US WorldMeds","4.2","N/A","https://usworldmeds.com/careers/"
"Shields Health Solutions","4.2","10015000","https://shieldshealthsolutions.com/careers/"
"Suki Ai","4.2","51200","https://www.suki.ai/careers/"
"SpringBoard Healthcare","4.2","201500","https://springboardhealthcare.com/jobs-search/"
"Total Joint Orthopedics","4.2","150","https://www.tjoinc.com/careers"
"Path","4.2","10015000","https://www.jointheportauthority.com/search/path/jobs"
"Roche","4.2","201500","https://careers.roche.com/global/en/"
"PROCEPT BioRobotics","4.2","5011000","https://www.procept-biorobotics.com/careers/open-positions"
"Sesame","4.2","150","https://sesameworkshop.org/about-us/careers/"
"Ryan Companies","4.2","10015000","https://www.ryancompanies.com/careers"
"OncoHealth","4.2","201500","https://oncohealth.us/careers/"
"myLaurel","4.2","N/A","https://www.mylaurelhealth.com/careers"
"Ollie","4.2","51200","https://www.ollies.us/careers/"
"Neurocrine Biosciences","4.2","10015000","http://neurocrine.com/work-with-us/"
"MyFitnessPal","4.2","51200","https://boards.greenhouse.io/myfitnesspal/jobs/6352774"
"Muse® by Interaxon Inc.","4.2","51200","https://choosemuse.com/pages/careers?srsltid=AfmBOooJRE0mb9LndzEKp9NgeiYdGQylrdepZwLqPXPTFZV9jfm_t6JX"
"Mammoth Biosciences","4.2","51200","https://mammoth.bio/careers/"
"Medical Guardian","4.2","201500","https://www.medicalguardian.com/careers?srsltid=AfmBOoogGUhkIi4a5a2lHABvUzcWcHPF0ixz_d5QRG1Pvl-w0zeG8P_4"
"Laerdal Labs D.C.","4.2","N/A","https://laerdal.com/us/about-us/working-at-laerdal/work-in-d.c"
"Lawn Love","4.2","150","https://lawnlove.com/apply"
"Kontakt.io","4.2","51200","https://kontakt.io/why-kontakt-io/careers/"
"Hint","4.2","N/A","https://apply.workable.com/hint/"
"Hey Jane","4.2","10015000","https://jobs.lever.co/heyjane"
"KidsCare Home Health","4.2","5011000","https://kidscarehomehealth.com/careers-overview/"
"Impulse Dynamics","4.2","N/A","https://impulse-dynamics.com/company/careers/"
"Haemonetics","4.2","10015000","https://www.haemonetics.com/careers"
"Grace Healthcare Services","4.2","5011000","https://www.gracehcs.com/job-listings/"
"Global Health Corps","4.2","N/A","https://ghcorps.org/about/careers-at-ghc/"
"Fligoo","4.2","150","https://builtin.com/company/fligoo/jobs"
"GE Healthcare","4.2","N/A","https://careers.gehealthcare.com/global/en/"
"Driscoll Children's Hospital","4.2","10015000","https://driscollchildrens.org/professionals/careers/"
"Empatica","4.2","51200","https://www.empatica.com/en-eu/careers/"
"Envita Medical Center","4.2","N/A","https://www.envita.com/careers"
"Cook Children's Health Care System","4.2","N/A","https://www.cookchildrens.org/careers/"
"Association of American Medical Colleges (AAMC)","4.2","N/A","https://www.aamc.org/about-us/aamc-jobs"
"BIOHORIZONS IMPLANT SYSTEMS","4.2","N/A","https://www.biohorizons.com/company/careers"
"BrainCheck","4.2","150","https://braincheck.com/about/careers/"
"CHG Healthcare","4.2","10015000","https://chghealthcare.com/careers-overview"
"CentralReach","4.2","N/A","https://centralreach.com/careers/"
"A-dec","4.2","10015000","https://www.a-dec.com/careers"
"Alpha II","4.2","51200","https://www.alphaii.com/careers"
"AMBOSS","4.2","201500","https://careers.amboss.com/jobs/"
"AQUA","4.2","150","https://www.aquawsc.com/about-us/careers/"
"Arterys","4.2","150","https://www.indeed.com/cmp/Arterys"
"Virtelligence","4.1","N/A","https://virtelligence.com/it-consulting-jobs-careers.html"
"Studer Group","4.1","500110000","https://www.indeed.com/q-studer-group-jobs.html"
"Shepherd Center","4.1","10015000","https://www.shepherd.org/employment"
"Stryker","4.1","10000","https://careers.stryker.com/"
"Twin Health","4.1","5011000","https://usa.twinhealth.com/company/careers"
"Savvysherpa","4.1","150","https://www.indeed.com/cmp/Savvysherpa"
"Radix Health","4.1","N/A","https://www.radixhealth.com/jobs"
"ResMed","4.1","N/A","https://careers.resmed.com/"
"Scholar Rock","4.1","500110000","https://scholarrock.com/careers/"
"SeaSpine","4.1","201500","https://www.seaspine.com/careers/"
"NuvoAir","4.1","51200","https://nuvoair.com/careers"
"Open (o-p-e-n.com)","4.1","150","https://o-p-e-n.com/careers"
"PaxeraHealth","4.1","51200","https://paxerahealth.com/careers/"
"Navigating Cancer","4.1","N/A","https://www.navigatingcancer.com/careers/"
"Nourish","4.1","51200","https://www.usenourish.com/careers"
"MANSCAPED, Inc.","4.1","51200","https://www.manscaped.com/pages/careers?srsltid=AfmBOorgATIL-lZelxQPIK-TiYvGi3TRqMjcN4rMO37rTeD02Xus-Nd8"
"Massive Bio","4.1","150","https://massivebio.com/career/"
"MCRA","4.1","N/A","https://www.mcra.com/about-us/our-team/careers"
"MedAcuity","4.1","51200","https://www.medacuity.com/careers/"
"Merck","4.1","10000","https://jobs.merck.com/us/en"
"Kymera Therapeutics","4.1","51200","https://www.kymeratx.com/careers-culture/"
"Henry Meds","4.1","N/A","https://henrymeds.com/careers/?srsltid=AfmBOorYoNYtySkMYgDKERmzRDRA0C3Sh35mnxvU8nthleEvURLSzbSx"
"Hear.com","4.1","10015000","https://www.hear.com/careers/"
"Human API","4.1","51200","https://www.linkedin.com/jobs/human-api-jobs?trk=biz-guest-topcard-see-jobs"
"Gryphon Scientific","4.1","150","https://apply.workable.com/gryphon-scientific/?lng=en"
"FHI 360","4.1","10015000","https://www.fhi360.org/join-our-team/"
"Findhelp","4.1","201500","https://www.glassdoor.com/Jobs/Findhelp-Jobs-E1295686.htm"
"Equinox+","4.1","150","https://careers.equinox.com/"
"EPAM Systems","4.1","500110000","https://www.epam.com/careers"
"Expion Health","4.1","150","https://www.indeed.com/cmp/Expion-Health"
"ELLKAY","4.1","5011000","https://www.ellkay.com/careers"
"Eagle Telemedicine","4.1","51200","https://www.eagletelemedicine.com/telehealth-providers/telehealth-physician-jobs/"
"Doctor Multimedia","4.1","51200","https://doctormultimedia.com/careers/"
"CrescentCare","4.1","150","https://www.crescentcare.org/careers/"
"Eli Lilly and Company","4.1","N/A","https://careers.lilly.com/us/en/search-results"
"Collective Health","4.1","5011000","https://jobs.collectivehealth.com/"
"Cardiovascular Systems, Inc.","4.1","N/A","https://www.csiweb.com/careers/"
"CompuGroup Medical US","4.1","10015000","https://www.cgm.com/usa_en/careers.html"
"Business Group on Health","4.1","150","https://www.businessgrouphealth.org/en/community-resources/job-board"
"Blue Cross NC","4.1","500110000","https://careers.bluecrossnc.com/global/en/"
"Any Lab Test Now","4.1","N/A","https://anylabtestnowcareers.careerplug.com/"
"Biorasi","4.1","201500","https://biorasi.com/careers/"
"Advantum Health","4.1","201500","https://advantumhealth.com/jobs/"
"Bizmatics: A Harris Computer Company","4.1","N/A","https://www.linkedin.com/company/bizmatics-inc"
"AMOpportunities","4.1","150","https://www.amopportunities.org/careers"
"Xaira Therapeutics","4","N/A","https://job-boards.greenhouse.io/xairatherapeutics"
"ABRiO Care","4.1","51200","https://abriohomecare.com/join-our-team/"
"Accuity","4.1","150","https://accuityhealthcare.com/careers/"
"Actium Health","4.1","N/A","https://www.linkedin.com/company/actiumhealth"
"ACIST Medical Systems","4.1","N/A","https://www.linkedin.com/jobs/acist-medical-systems-jobs"
"Vital","4","51200","https://www.indeed.com/q-vital-health-l-houston,-tx-jobs.html"
"Wellth","4","51200","https://www.wellthapp.com/careers"
"Tyto Care","4","5011000","https://www.tytocare.com/careers/"
"Varian","4","500110000","https://www.varian.com/about-varian/careers"
"Wynn Resorts","4","10000","https://www.wynnlasvegas.com/careers/explore"
"Twistle","4","51200","https://www.flexjobs.com/remote-jobs/company/health_catalyst-twistle"
"St. Jude Children's Research Hospital - ALSAC","4","10015000","https://www.stjude.org/jobs/alsac.html"
"Total Gym","4","150","https://www.indeed.com/q-total-gym-jobs.html"
"The Healthy Back Institute","4","51200","https://healthybackinstitute.applytojob.com/apply"
"Solventum","4","10000","https://www.solventum.com/en-us/home/our-company/careers/"
"Sentara Healthcare","4","10000","https://www.sentaracareers.com/"
"SCP Health","4","10015000","https://www.scphealth.com/company/corporate-careers/"
"Siemens Healthineers","4","N/A","https://www.siemens-healthineers.com/careers"
"Smith+Nephew","4","10000","https://www.smith-nephew.com/en/careers"
"Smith & Nephew","4","10000","https://www.smith-nephew.com/en/careers"
"Q-Centrix","4","10015000","https://www.q-centrix.com/careers/open-roles/"
"Phil, Inc","4","10000","https://phil.us/careers/"
"Quest Analytics, LLC","4","201500","https://questanalytics.com/hiring/open-positions/"
"Pierre Fabre Group","4","N/A","https://www.pierre-fabre.com/en-us/talent"
"Ribbon Health","4","51200","https://www.ribbonhealth.com/open-roles"
"Peachtree BioResearch Solutions","4","51200","https://www.peachtreebrs.com/careers"
"Organon","4","500110000","https://jobs.organon.com/us/en/search-results"
"Orasure Technologies","4","N/A","https://www.indeed.com/cmp/Orasure-Technologies"
"Pelago","4","150","https://www.pelagohealth.com/company/careers/"
"Peloton","4","51200","https://careers.onepeloton.com/en/all-jobs/"
"NECI","4","500110000","https://www.neci.com/careers/"
"Omada Health","4","5011000","https://www.omadahealth.com/about-us/careers"
"MRI Interventions","4","N/A","https://www.indeed.com/q-mri-centers-l-texas-jobs.html"
"MemorialCare","4","N/A","https://careers.memorialcare.org/search-jobs"
"MMIT","4","10015000","https://careers.mmitnetwork.com/search/jobs"
"Kimberly-Clark","4","10000","https://careers.kimberly-clark.com/"
"MeMD","4","10015000","https://www.memd.com/current-openings"
"Jabra Hearing","4","51200","https://www.jabra.com/about/careers"
"Ipas","4","201500","https://www.ipas.org/working-at-ipas/"
"JPS Health Network","4","N/A","https://jpshealthnet.org/careers"
"Fullscript","4","N/A","https://fullscript.com/careers"
"Heart Walk","4","10015000","https://heart.jobs/dallas-tx/national-development-lead-heart-walk/167AF553C4C64226A5C3A5535033F340/job/"
"iMedX","4","10015000","https://imedx.com/careers/"
"ICON plc","4","10000","https://careers.iconplc.com/jobs"
"HonorHealth","4","10000","https://www.honorhealth.com/jobs"
"FreedomCare","4","5011000","https://freedomcare.com/careers/"
"Empirico","4","500110000","https://www.empiri.co/careers/"
"Fitbit","4","10015000","https://www.fitbit.com/sg/careers"
"Embody","4","150","https://embody.co/pages/careers"
"Edwards Lifesciences","4","N/A","https://www.edwards.com/careers/jobsearch"
"Clerio Vision","4","51200","https://www.indeed.com/cmp/Clerio-Vision"
"Cincinnati Children's Hospital Medical Center","4","N/A","https://www.cincinnatichildrens.org/careers"
"DrFirst","4","201500","https://drfirst.com/careers"
"Cortica","4","10015000","https://www.corticacare.com/careers"
"Convey Health Solutions","4","10015000","https://conveyhealthsolutions.com/careers/"
"Cariloop","4","51200","https://cariloop.com/about-us/careers"
"athenahealth","4","500110000","https://careers.athenahealth.com/us/en/search-results"
"Braverhood","4","10015000","https://www.braverhood.org/career.html"
"Assurance","4","150","https://www.indeed.com/q-assurance-l-texas-jobs.html"
"BehaVR","4","150","https://builtin.com/company/behavr/jobs"
"American Society for Cell Biology (ASCB)","4","N/A","https://jobs.ascb.org/"
"andros","4","51200","https://www.indeed.com/cmp/Andros-7"
"Associated Clinic of Psychology","4","N/A","https://acp-mn.com/acp-careers/"
"Arcadia","4","5011000","https://www.arcadia.com/careers"
"Ametros","4","51200","https://ametros.com/careers-at-ametros/"
"ABC Fitness Solutions","4","10015000","https://abcfitness.com/careers/"
"AGS Health","4","10015000","https://www.agshealth.com/careers/"
"Access Physicians","4","51200","https://www.indeed.com/q-access-physicians-jobs.html"
"AdventHealth","4","N/A","https://jobs.adventhealth.com/jobs/"
"Active Minds, Inc.","4","5011000","https://www.activeminds.org/about-us/careers/"
"XSOLIS","3.9","201500","https://www.xsolis.com/about/careers/"
"AbbVie","4","10000","https://careers.abbvie.com/en/"
"ZeOmega","3.9","N/A","https://www.zeomega.com/company/careers-us"
"Wellthy","3.9","201500","https://go.wellthy.com/careers/"
"Zocdoc","3.9","5011000","https://www.zocdoc.com/about/careers-list/"
"Wellmark Blue Cross and Blue Shield","3.9","10015000","https://www.wellmark.com/about/careers"
"Ultimate Medical Academy","3.9","10015000","https://workatuma.com/"
"Weave","3.9","5011000","https://www.getweave.com/careers/"
"Vessel","3.9","150","https://www.indeed.com/q-the-vessel-l-new-york,-ny-jobs.html"
"Viz.ai","3.9","201500","https://www.viz.ai/jobs"
"Thyme Care","3.9","150","https://www.thymecare.com/careers"
"SpectraMedix","3.9","51200","https://www.spectramedix.com/careers"
"Southwest Center","3.9","51200","https://www.indeed.com/cmp/Southwest-Center"
"The Honey Pot Company","3.9","51200","https://www.linkedin.com/company/thehoneypotco"
"Two Chairs","3.9","5011000","https://www.twochairs.com/careers-all"
"Reveleer","3.9","201500","https://reveleer.breezy.hr/"
"PTC Therapeutics","3.9","5011000","https://www.ptcbio.com/careers/"
"RENOVO Solutions","3.9","201500","https://renovo1.com/careers/"
"PSL Group","3.9","10000","https://www.linkedin.com/company/psl-group/jobs"
"PicnicHealth","3.9","51200","https://picnichealth.com/company/careers"
"Pediatric Home Healthcare","3.9","5011000","https://www.indeed.com/q-pediatric-home-health-l-new-york-state-jobs.html"
"On Lok","3.9","5011000","https://onlok.org/careers/jobs/"
"OWL","3.9","150","https://www.indeed.com/q-owl-services-l-new-york,-ny-jobs.html"
"Philips","3.9","10000","https://www.careers.philips.com/na/en/"
"OmniSYS","3.9","201500","https://www.indeed.com/cmp/Omnisys"
"Navitus Health Solutions","3.9","N/A","https://www.navitus.com/careers"
"Multiplier AI","3.9","51200","https://multipliersolutions.com/careers/"
"Nuvolo","3.9","201500","https://www.nuvolo.com/careers/"
"Novus International, Inc","3.9","N/A","https://www.novusint.com/careers/"
"Mission Healthcare","3.9","10015000","https://www.homewithmission.com/careers/"
"Medifast, Inc","3.9","5011000","https://medifastinc.com/careers/"
"Maxwell Health","3.9","51200","https://maxwellhealth.com/careers/"
"MEI Pharma","3.9","150","https://meipharma.com/careers.html"
"MedTrainer","3.9","51200","https://medtrainer.com/company/careers/"
"Madrigal Pharmaceuticals","3.9","150","https://www.madrigalpharma.com/careers/"
"Life Fitness","3.9","10015000","https://www.lifefitness.com/en-us/careers"
"LightForce Orthodontics Inc.","3.9","5011000","https://lf.co/sp/careers"
"Kraton Performance Polymers","3.9","10015000","https://kraton.com/careers/"
"Lively, Inc.","3.9","500110000","https://livelyme.com/careers"
"John Snow Labs","3.9","N/A","https://www.johnsnowlabs.com/careers/"
"IQVIA","3.9","N/A","https://jobs.iqvia.com/en"
"HST Pathways","3.9","201500","https://www.hstpathways.com/careers/"
"IDLife","3.9","N/A","https://www.indeed.com/cmp/Idlife-2"
"INSIGHTEC","3.9","201500","https://insightec.com/careers/"
"Hero Health","3.9","10000","https://herohealth.com/claimyourcape/?srsltid=AfmBOooch7ESC6L5PzNKGPsm-g1fNflfWIt4z44r_Fit_-gm6hO0mQ1w"
"Grace Health","3.9","150","https://www.gracehealthmi.org/health-care-careers/"
"Health Catalyst","3.9","N/A","https://www.healthcatalyst.com/job-openings"
"Henry Schein","3.9","N/A","https://www.henryschein.com/us-en/corporate/career/default.aspx"
"GSK","3.9","10000","https://us.gsk.com/en-us/careers/"
"HealthStream","3.9","10015000","https://www.healthstream.com/about/careers"
"Fulcrum Therapeutics","3.9","51200","https://www.fulcrumtx.com/careers/"
"Essity","3.9","10000","http://www.essity.com/careers/job-opportunities/"
"DoctorLogic","3.9","51200","https://doctorlogic.com/careers"
"Florence Healthcare","3.9","201500","https://florencehc.com/careers/"
"DEKA Research & Development","3.9","201500","https://www.linkedin.com/company/deka-research-&-development/jobs"
"Compass Health Consultants","3.9","N/A","https://www.indeed.com/cmp/Compass-Health-Consultants"
"Cystic Fibrosis Foundation","3.9","N/A","https://www.cff.org/about-us/explore-career-opportunities"
"Cogitativo","3.9","N/A","https://cogitativo.breezy.hr/"
"Click Therapeutics","3.9","500110000","https://www.clicktherapeutics.com/careers/"
"Danaher Corporation","3.9","201500","https://jobs.danaher.com/global/en/search-results"
"Blue Cross and Blue Shield of Nebraska","3.9","10015000","https://www.nebraskablue.com/About-Us/Careers"
"Blue Cross & Blue Shield of Rhode Island","3.9","5011000","https://www.bcbsri.com/careers"
"CareVoyant","3.9","N/A","https://www.carevoyant.com/about/careers"
"Brainlab","3.9","10015000","https://www.brainlab.com/career/jobs/"
"Children's Wisconsin","3.9","10015000","https://childrenswi.org/careers"
"BayCare Health System","3.9","51200","https://baycare.org/careers"
"BD","3.9","N/A","https://jobs.bd.com/search-jobs"
"Blackrock Neurotech","3.9","51200","https://blackrockneurotech.com/careers/"
"Bellese Technologies","3.9","51200","https://www.bellese.io/careers/"
"Becton Dickinson","3.9","N/A","https://jobs.bd.com/search-jobs"
"Arine","3.9","51200","https://www.indeed.com/q-marine-view-l-tacoma,-wa-jobs.html"
"Angle Health","3.9","10000","https://www.anglehealth.com/careers"
"Ansell","3.9","N/A","https://www.ansell.com/us/en/our-people/grow-with-ansell"
"Anthem","3.9","10000","https://www.indeed.com/q-anthem-l-california-jobs.html"
"Aurora Pharmaceutical Inc","3.9","150","https://aurorapharmaceutical.com/careers/"
"Accumen","3.9","N/A","https://accumen.com/careers/"
"Advantia Health","3.9","5011000","https://advantia-health.breezy.hr/"
"180 Medical","3.9","5011000","https://www.180medical.com/careers/"
"AC Talent","3.9","N/A","https://www.actalentservices.com/en/careers"
"10Pearls","3.9","201500","https://10pearls.com/join-our-team/"
"VetSource","3.8","5011000","https://vetsource.com/about-us/careers/"
"Ximedica","3.8","N/A","https://www.ximedica.com/"
"Vocera Communications","3.8","5011000","https://www.indeed.com/q-vocera-communications-jobs.html"
"Viatris","3.8","10000","https://www.viatris.com/en/careers"
"Westlake Chemical Corporation","3.8","500110000","https://www.westlaketalent.com/"
"Vantage MedTech","3.8","201500","https://vantagemedtech.com/job-postings/"
"Univera Healthcare","3.8","N/A","https://careers.univerahealthcare.com/us/en/"
"Truehold","3.8","51200","https://www.truehold.com/work-with-us"
"Upfront Healthcare","3.8","500110000","https://upfronthealthcare.com/about-us/careers/"
"UNC REX Healthcare","3.8","500110000","https://www.rexhealth.com/rh/careers/"
"TeraRecon","3.8","51200","https://www.terarecon.com/careers"
"The Bliss Group","3.8","51200","https://www.theblissgrp.com/careers/jobs/"
"SprintRay","3.8","201500","https://sprintray.com/company/careers/"
"SOPHiA GENETICS","3.8","201500","https://careers.sophiagenetics.com/"
"Thirty Madison","3.8","5011000","https://boards.greenhouse.io/thirtymadison"
"ShiftMed","3.8","201500","https://apply.shiftmed.com/"
"SI-BONE","3.8","51200","https://si-bone.com/company/careers"
"Scott & White Healthcare","3.8","10000","https://jobs.bswhealth.com/us/en/"
"Scout Health","3.8","10015000","https://www.scoutclinical.com/about/careers"
"SKYGEN USA","3.8","N/A","https://www.skygenusa.com/about/careers"
"Regenesis Biomedical","3.8","N/A","https://www.regenesismed.com/careers/"
"Rx Savings Solutions","3.8","N/A","https://rxss.com/about-us/careers/"
"Redirect Health","3.8","201500","https://www.redirecthealth.com/about-us/open-positions/"
"Quartz Health Solutions","3.8","5011000","https://quartzbenefits.com/about-quartz/careers/"
"Rarebreed veterinary partners","3.8","5011000","https://rarebreedvet.com/vet-tech-jobs/"
"Procurement Partners","3.8","N/A","https://recruiting.paylocity.com/recruiting/jobs/All/04e5d40e-458c-4c51-a887-c4a37095c3cd/Procurement-Partners-LLC"
"OnePoint Patient Care","3.8","201500","https://www.oppc.com/careers/"
"Onlife Health®","3.8","10000","https://www.indeed.com/cmp/Onlife-Health"
"PierianDx","3.8","51200","https://www.pieriandx.com/careers"
"Pfizer","3.8","10000","https://www.pfizer.com/about/careers"
"Milliman","3.8","10015000","https://careers.milliman.com/"
"Northwell Health","3.8","N/A","https://jobs.northwell.edu/job-search-results/"
"Nature's Way","3.8","10015000","https://naturesway.com/pages/careers?srsltid=AfmBOopspNjoX-XeSx6SEIAM-G2awcNh6AntUcIspBL-zaBCwq5rYKKa"
"Neora","3.8","N/A","https://www.neora.com/us/en/Careers?srsltid=AfmBOopjdmSQU3DszfYQliUp_sOCBoz3o_L5R7EfcLVae9MbZoBIomX7"
"NextMed","3.8","51200","https://www.nextmed.net/careers"
"MDLIVE","3.8","N/A","https://www.mdlive.com/careers"
"MediTelecare","3.8","10000","https://www.meditelecare.com/careers/"
"MedCerts","3.8","201500","https://medcerts.com/about/careers"
"Medtronic","3.8","N/A","https://www.medtronic.com/en-us/our-company/careers.html"
"MEDTOX Scientific","3.8","N/A","https://www.indeed.com/q-medtox-laboratories-jobs.html"
"Lingraphica","3.8","51200","https://careers.smartrecruiters.com/lingraphica"
"McKesson","3.8","N/A","https://careers.mckesson.com/en"
"LetsGetChecked","3.8","5011000","https://www.letsgetchecked.com/careers/?srsltid=AfmBOorl4Ehi_WV89NomZ0f3Ub0j-M1norivIB6KQ_BdcbUFnznkjgeH"
"Lumistry","3.8","51200","https://lumistry.com/about/careers/"
"Lyra Health","3.8","10015000","https://careers.lyrahealth.com/"
"Interexy","3.8","N/A","https://interexy.com/explore-professional-growth-opportunities/"
"Infinitus Systems, Inc.","3.8","10000","https://www.infinitus.ai/careers/"
"InsideTracker","3.8","150","https://info.insidetracker.com/careers"
"Ipsen","3.8","N/A","https://www.ipsen.com/careers/"
"Kaiser Permanente","3.8","10000","https://www.kaiserpermanentejobs.org/search-jobs"
"HSA Bank, a division of Webster Bank, N.A.","3.8","500110000","https://careers.hsabank.com/"
"IMO Health","3.8","201500","https://www.imohealth.com/careers/"
"Humana","3.8","10000","https://careers.humana.com/"
"iHealth Labs","3.8","51200","https://ihealthlabs.com/pages/careers?srsltid=AfmBOop_9Ve5gYaooAKT_LKiGljOeRukBl9W8Iv96_HZzYR69QrxKqTE"
"Healthtrax Fitness & Wellness","3.8","N/A","https://www.healthtrax.com/careers-at-healthtrax"
"Healthcare Management Administrators (HMA)","3.8","N/A","https://www.accesshma.com/join-our-team"
"Healthmine","3.8","N/A","https://www.healthmine.com/careers"
"GHX","3.8","5011000","https://www.ghx.com/about/careers/"
"Health Management Associates","3.8","201500","https://www.healthmanagement.com/career-opportunities/"
"Health Prime","3.8","5011000","https://www.hpiinc.com/career-home-page/"
"Getix","3.8","10015000","https://www.getixhealth.com/careers.html"
"FDB","3.8","5011000","https://eevd.fa.us6.oraclecloud.com/hcmUI/CandidateExperience/en/sites/FDB"
"Enovis","3.8","500110000","https://enovis.com/careers"
"Get Well Network","3.8","201500","https://www.getwellnetwork.com/about-patient-centered/careers/"
"Frontdesk","3.8","51200","https://www.indeed.com/q-front-desk-l-california-jobs.html"
"Elanco","3.8","500110000","https://www.elanco.com/en-us/careers"
"Eisai US","3.8","10015000","https://careers.eisai.com/us/en/"
"Ecg Management Consultants, Inc.","3.8","201500","https://careers.ecgmc.com/"
"e4","3.8","201500","https://www.e4.health/careers/"
"eLuma, LLC","3.8","N/A","https://jobs.eluma.com/"
"Defibtech","3.8","51200","https://www.defibtech.com/why-defibtech/defibtech-careers/"
"DDi","3.8","150","https://www.ddiworld.com/about/careers"
"DARVIS","3.8","51200","https://www.linkedin.com/company/darvisinc"
"D1 TRAINING","3.8","201500","https://d1-training-careers.careerplug.com/"
"Deep 6 AI","3.8","51200","https://deep6.ai/careers/"
"ComplexCare Solutions","3.8","5011000","https://complexcaresolutions.com/careers/"
"CertifyOS","3.8","51200","https://www.certifyos.com/company/careers"
"Cochlear","3.8","10015000","https://www.cochlear.com/us/en/corporate/careers/jobs-at-cochlear"
"Clearwave","3.8","10015000","https://www.clearwaveinc.com/career-listings/"
"Centene Corporation","3.8","N/A","https://jobs.centene.com/us/en/"
"CaroMont Health","3.8","10015000","https://caromonthealth.org/careers/"
"Boston Medical Center (BMC)","3.8","500110000","https://jobs.bmc.org/"
"BlueCross BlueShield of Tennessee","3.8","N/A","https://careers.bcbst.com/"
"Body Vision Medical","3.8","N/A","https://bodyvisionmedical.com/jobs"
"Boston Health Care for the Homeless Program","3.8","500110000","https://www.bhchp.org/careers/"
"BERG","3.8","51200","https://www.indeed.com/q-berg-jobs.html"
"Baylor Scott & White Health","3.8","10000","https://jobs.bswhealth.com/us/en/"
"Baxter International Inc.","3.8","N/A","https://www.baxter.com/careers"
"BAYADA Home Health Care","3.8","10000","https://jobs.bayada.com/en/"
"Blue Cross of Idaho","3.8","10015000","https://www.bcidaho.com/our-difference/why-work-for-us"
"ApolloMed","3.8","10015000","https://jobs.jobvite.com/apollomed/jobs"
"Aya Healthcare","3.8","500110000","https://www.ayahealthcare.com/corporate-careers/jobs/"
"Atrium Health","3.8","10000","https://careers.atriumhealth.org/"
"Avondale Partners","3.8","10015000","https://www.avondalepartnersllc.com/join-us/"
"AnaptysBio","3.8","N/A","https://www.anaptysbio.com/careers/"
"3Shape","3.8","10015000","https://careers.3shape.com/jobs"
"4G Clinical","3.8","201500","https://www.4gclinical.com/careers"
"Abbott","3.8","N/A","https://www.abbott.com/careers.html"
"Abiomed","3.8","10015000","https://www.abiomed.com/en-us/careers"